<?xml version="1.0" encoding="UTF-8"?>
<GenRun Id="impl_1" LaunchPart="xc7z010clg400-1" LaunchTime="1772315851">
  <File Type="PA-TCL" Name="blinky.tcl"/>
  <File Type="REPORTS-TCL" Name="blinky_reports.tcl"/>
  <File Type="INIT-TIMING" Name="blinky_timing_summary_init.rpt"/>
  <File Type="OPT-DCP" Name="blinky_opt.dcp"/>
  <File Type="OPT-DRC" Name="blinky_drc_opted.rpt"/>
  <File Type="OPT-UTIL" Name="blinky_utilization_opted.rpt"/>
  <File Type="OPT-UTIL-PB" Name="blinky_utilization_opted.pb"/>
  <File Type="OPT-METHODOLOGY-DRC" Name="blinky_methodology_drc_opted.rpt"/>
  <File Type="OPT-HWDEF" Name="blinky.hwdef"/>
  <File Type="OPT-TIMING" Name="blinky_timing_summary_opted.rpt"/>
  <File Type="OPT-RQA-PB" Name="blinky_rqa_opted.pb"/>
  <File Type="PWROPT-DCP" Name="blinky_pwropt.dcp"/>
  <File Type="PWROPT-DRC" Name="blinky_drc_pwropted.rpt"/>
  <File Type="PWROPT-TIMING" Name="blinky_timing_summary_pwropted.rpt"/>
  <File Type="PLACE-DCP" Name="blinky_placed.dcp"/>
  <File Type="PLACE-IO" Name="blinky_io_placed.rpt"/>
  <File Type="PLACE-CLK" Name="blinky_clock_utilization_placed.rpt"/>
  <File Type="PLACE-UTIL" Name="blinky_utilization_placed.rpt"/>
  <File Type="PLACE-UTIL-PB" Name="blinky_utilization_placed.pb"/>
  <File Type="PLACE-CTRL" Name="blinky_control_sets_placed.rpt"/>
  <File Type="PLACE-SIMILARITY" Name="blinky_incremental_reuse_placed.rpt"/>
  <File Type="PLACE-PRE-SIMILARITY" Name="blinky_incremental_reuse_pre_placed.rpt"/>
  <File Type="PLACE-TIMING" Name="blinky_timing_summary_placed.rpt"/>
  <File Type="PLACE-RQA-PB" Name="blinky_rqa_placed.pb"/>
  <File Type="POSTPLACE-PWROPT-DCP" Name="blinky_postplace_pwropt.dcp"/>
  <File Type="POSTPLACE-PWROPT-TIMING" Name="blinky_timing_summary_postplace_pwropted.rpt"/>
  <File Type="PHYSOPT-DCP" Name="blinky_physopt.dcp"/>
  <File Type="PHYSOPT-DRC" Name="blinky_drc_physopted.rpt"/>
  <File Type="PHYSOPT-TIMING" Name="blinky_timing_summary_physopted.rpt"/>
  <File Type="ROUTE-ERROR-DCP" Name="blinky_routed_error.dcp"/>
  <File Type="ROUTE-DCP" Name="blinky_routed.dcp"/>
  <File Type="ROUTE-BLACKBOX-DCP" Name="blinky_routed_bb.dcp"/>
  <File Type="ROUTE-UTIL" Name="blinky_utilization_routed.rpt"/>
  <File Type="ROUTE-UTIL-PB" Name="blinky_utilization_routed.pb"/>
  <File Type="ROUTE-DRC" Name="blinky_drc_routed.rpt"/>
  <File Type="ROUTE-DRC-PB" Name="blinky_drc_routed.pb"/>
  <File Type="ROUTE-DRC-RPX" Name="blinky_drc_routed.rpx"/>
  <File Type="ROUTE-METHODOLOGY-DRC" Name="blinky_methodology_drc_routed.rpt"/>
  <File Type="ROUTE-METHODOLOGY-DRC-RPX" Name="blinky_methodology_drc_routed.rpx"/>
  <File Type="ROUTE-METHODOLOGY-DRC-PB" Name="blinky_methodology_drc_routed.pb"/>
  <File Type="ROUTE-PWR" Name="blinky_power_routed.rpt"/>
  <File Type="ROUTE-PWR-SUM" Name="blinky_power_summary_routed.pb"/>
  <File Type="ROUTE-PWR-RPX" Name="blinky_power_routed.rpx"/>
  <File Type="ROUTE-STATUS" Name="blinky_route_status.rpt"/>
  <File Type="ROUTE-STATUS-PB" Name="blinky_route_status.pb"/>
  <File Type="ROUTE-TIMINGSUMMARY" Name="blinky_timing_summary_routed.rpt"/>
  <File Type="ROUTE-TIMING-PB" Name="blinky_timing_summary_routed.pb"/>
  <File Type="ROUTE-TIMING-RPX" Name="blinky_timing_summary_routed.rpx"/>
  <File Type="ROUTE-SIMILARITY" Name="blinky_incremental_reuse_routed.rpt"/>
  <File Type="ROUTE-CLK" Name="blinky_clock_utilization_routed.rpt"/>
  <File Type="ROUTE-BUS-SKEW" Name="blinky_bus_skew_routed.rpt"/>
  <File Type="ROUTE-BUS-SKEW-PB" Name="blinky_bus_skew_routed.pb"/>
  <File Type="ROUTE-BUS-SKEW-RPX" Name="blinky_bus_skew_routed.rpx"/>
  <File Type="ROUTE-RQS-PB" Name="blinky_rqs_routed.pb"/>
  <File Type="POSTROUTE-PHYSOPT-DCP" Name="blinky_postroute_physopt.dcp"/>
  <File Type="POSTROUTE-PHYSOPT-BLACKBOX-DCP" Name="blinky_postroute_physopt_bb.dcp"/>
  <File Type="POSTROUTE-PHYSOPT-TIMING" Name="blinky_timing_summary_postroute_physopted.rpt"/>
  <File Type="POSTROUTE-PHYSOPT-TIMING-PB" Name="blinky_timing_summary_postroute_physopted.pb"/>
  <File Type="POSTROUTE-PHYSOPT-TIMING-RPX" Name="blinky_timing_summary_postroute_physopted.rpx"/>
  <File Type="POSTROUTE-PHYSOPT-BUS-SKEW" Name="blinky_bus_skew_postroute_physopted.rpt"/>
  <File Type="POSTROUTE-PHYSOPT-BUS-SKEW-PB" Name="blinky_bus_skew_postroute_physopted.pb"/>
  <File Type="POSTROUTE-PHYSOPT-BUS-SKEW-RPX" Name="blinky_bus_skew_postroute_physopted.rpx"/>
  <File Type="NOC_TRAFFIC_SPEC_FILE" Name="blinky.nts"/>
  <File Type="NOC_SOLUTION_FILE" Name="blinky.ncr"/>
  <File Type="BG-BIT" Name="blinky.bit"/>
  <File Type="BG-BIN" Name="blinky.bin"/>
  <File Type="BITSTR-MSK" Name="blinky.msk"/>
  <File Type="BITSTR-RBT" Name="blinky.rbt"/>
  <File Type="BITSTR-NKY" Name="blinky.nky"/>
  <File Type="BITSTR-BMM" Name="blinky_bd.bmm"/>
  <File Type="BITSTR-MMI" Name="blinky.mmi"/>
  <File Type="PDI-FILE" Name="blinky.pdi"/>
  <File Type="BOOT-PDI-FILE" Name="blinky_boot.pdi"/>
  <File Type="PL-PDI-FILE" Name="blinky_pld.pdi"/>
  <File Type="RCFI_FILE" Name="blinky.rcfi"/>
  <File Type="CFI_FILE" Name="blinky.cfi"/>
  <File Type="RNPI_FILE" Name="blinky.rnpi"/>
  <File Type="RCDO-FILE" Name="blinky.rcdo"/>
  <File Type="MARKER-RNPI-FILE" Name="blinky_markers.rnpi"/>
  <File Type="MARKER-RCDO-FILE" Name="blinky_markers.rcdo"/>
  <File Type="BOOT_RNPI_FILE" Name="blinky_boot.rnpi"/>
  <File Type="BOOT_MARKER_RNPI_FILE" Name="blinky_boot_markers.rnpi"/>
  <File Type="PL_RNPI_FILE" Name="blinky_pld.rnpi"/>
  <File Type="PL_MARKER_RNPI_FILE" Name="blinky_pld_markers.rnpi"/>
  <File Type="PL_MASK_RNPI_FILE" Name="blinky_pld_mask.rnpi"/>
  <File Type="PL_SHUTDOWN_RNPI_FILE" Name="blinky_pld_shutdown.rnpi"/>
  <File Type="PL_UNMASK_RNPI_FILE" Name="blinky_pld_unmask.rnpi"/>
  <File Type="PL-RCDO-FILE" Name="blinky_pld.rcdo"/>
  <File Type="PL-CLEAR-RCDO-FILE" Name="blinky_pld_clear.rcdo"/>
  <File Type="PL_MARKER_RCDO_FILE" Name="blinky_pld_markers.rcdo"/>
  <File Type="PL_MASK_RCDO_FILE" Name="blinky_pld_mask.rcdo"/>
  <File Type="PL_UNMASK_MARKER_RCDO_FILE" Name="blinky_pld_unmask_markers.rcdo"/>
  <File Type="PL_UNMASK_RCDO_FILE" Name="blinky_pld_unmask.rcdo"/>
  <File Type="NPI_FILE" Name="blinky.npi"/>
  <File Type="RBD_FILE" Name="blinky.rbd"/>
  <File Type="MMI-FILE" Name="blinky.mmi"/>
  <File Type="BIF-FILE" Name="blinky.bif"/>
  <File Type="BOOT-BIF-FILE" Name="blinky_boot.bif"/>
  <File Type="PL-BIF-FILE" Name="blinky_pld.bif"/>
  <File Type="LTX-FILE" Name="blinky.ltx"/>
  <File Type="BOOT-LTX-FILE" Name="blinky_boot.ltx"/>
  <File Type="PL-LTX-FILE" Name="blinky_pld.ltx"/>
  <File Type="BITSTR-LTX" Name="debug_nets.ltx"/>
  <File Type="BITSTR-LTX" Name="blinky.ltx"/>
  <File Type="BITSTR-SYSDEF" Name="blinky.sysdef"/>
  <File Type="BG-BGN" Name="blinky.bgn"/>
  <File Type="BG-DRC" Name="blinky.drc"/>
  <File Type="RDI-RDI" Name="blinky.vdi"/>
  <File Type="WBT-USG" Name="usage_statistics_webtalk.html"/>
  <File Type="ROUTE-RQS" Name="blinky_routed.rqs"/>
  <File Type="POSTROUTE-PHYSOPT-RQS" Name="blinky_postroute_physopted.rqs"/>
  <File Type="ROUTE-RQS-RPT" Name="route_report_qor_suggestions_0.rpt"/>
  <File Type="POSTROUTE-PHYSOPT-RQS-RPT" Name="postroute_physopt_report_qor_suggestions_0.rpt"/>
  <FileSet Name="sources" Type="DesignSrcs" RelSrcDir="$PSRCDIR/sources_1" RelGenDir="$PGENDIR/sources_1">
    <Filter Type="Srcs"/>
    <File Path="$PSRCDIR/sources_1/new/blinky.v">
      <FileInfo>
        <Attr Name="UsedIn" Val="synthesis"/>
        <Attr Name="UsedIn" Val="implementation"/>
        <Attr Name="UsedIn" Val="simulation"/>
      </FileInfo>
    </File>
    <Config>
      <Option Name="DesignMode" Val="RTL"/>
      <Option Name="TopModule" Val="blinky"/>
      <Option Name="TopAutoSet" Val="TRUE"/>
    </Config>
  </FileSet>
  <FileSet Name="constrs_in" Type="Constrs" RelSrcDir="$PSRCDIR/constrs_1" RelGenDir="$PGENDIR/constrs_1">
    <Filter Type="Constrs"/>
    <File Path="$PSRCDIR/constrs_1/imports/digilent-xdc-master/Zybo-Z7-Master.xdc">
      <FileInfo>
        <Attr Name="ImportPath" Val="$PPRDIR/../digilent-xdc-master/digilent-xdc-master/Zybo-Z7-Master.xdc"/>
        <Attr Name="ImportTime" Val="1772314073"/>
        <Attr Name="UsedIn" Val="synthesis"/>
        <Attr Name="UsedIn" Val="implementation"/>
      </FileInfo>
    </File>
    <Config>
      <Option Name="ConstrsType" Val="XDC"/>
    </Config>
  </FileSet>
  <FileSet Name="utils" Type="Utils" RelSrcDir="$PSRCDIR/utils_1" RelGenDir="$PGENDIR/utils_1">
    <Filter Type="Utils"/>
    <File Path="$PSRCDIR/utils_1/imports/synth_1/blinky.dcp">
      <FileInfo>
        <Attr Name="UsedIn" Val="synthesis"/>
        <Attr Name="UsedIn" Val="implementation"/>
        <Attr Name="UsedInSteps" Val="synth_1"/>
        <Attr Name="AutoDcp" Val="1"/>
      </FileInfo>
    </File>
    <Config>
      <Option Name="TopAutoSet" Val="TRUE"/>
    </Config>
  </FileSet>
  <Strategy Version="1" Minor="2">
    <StratHandle Name="Vivado Implementation Defaults" Flow="Vivado Implementation 2025">
      <Desc>Default settings for Implementation.</Desc>
    </StratHandle>
    <Step Id="init_design"/>
    <Step Id="opt_design"/>
    <Step Id="power_opt_design"/>
    <Step Id="place_design"/>
    <Step Id="post_place_power_opt_design"/>
    <Step Id="phys_opt_design"/>
    <Step Id="route_design"/>
    <Step Id="post_route_phys_opt_design"/>
    <Step Id="write_bitstream"/>
  </Strategy>
</GenRun>
